": El ministro de , Bruno Rodriguez, aterriza en para participar en la en sustitucion de"
": En Panama siempre encontraran un pais amigo, promotor del dialogo y de la unidad, cumpliendo con el rol de nuestra posicion"
": Cuba no aceptara amenazas ni chantajes del gobierno de los EEUU, no desea la confrontacion, pero no cedera un milimetro"
: La cirugia mayor a la corrupcion en el gobierno de
: Quien se tome la molestia de escuchar por lo menos el discurso de presidentes incluyendo el de Panama en Se
": Verguenza. disque contra corrupcion, con Presidentes ilegitimos Temer, Brasil, golpista"
: NInOS detenidos x fuerzas de seguridad de . Hoy mas de ninos tienen un PROCESO PENAL abierto en su c
: . Pence: Estados Unidos cree que es el momento de hacer mas. Toda nacion libre reunida aqui debe tomar medidas mas ene
": Viajo a Lima, a medio dia. Participare en . Presentare al en la Cumbre Empresarial y propondre una agend"
: Una de nuestras primeras decisiones como fue crear el Frente de Transparencia y Lucha contra la Corru
: El Mike Pence en la : EE.UU. y sus aliados estan dispuestos a hacer mucho mas para ayudar al pueblo de
": Verguenza. disque contra corrupcion, con Presidentes ilegitimos Temer, Brasil, golpista"
: . Pence: Estados Unidos cree que es el momento de hacer mas. Toda nacion libre reunida aqui debe tomar medidas mas ene
: Honor a quien honor merece! Hoy se cumplen meses del asesinato de valientes patriotas y heroes de
": Evo Morales: el capitalismo, principal enemigo de la humanidad."
: ante la dictadura de Maduro en A favor de Maduro
: NInOS detenidos x fuerzas de seguridad de . Hoy mas de ninos tienen un PROCESO PENAL abierto en su c
: sentencia final de la era bolivariana en la region dice el el vocero de
: le pide a en esta edicion una elicacion del por que violan los a
": Han sido dos dias de encuentros, dialogos y acuerdos para unir las fuerzas de todos los paises de America por la democ"
: . Pence: Cada dia unos mil venezolanos huyen de Venezuela. El presidente Trump lo ha dejado claro: EE.UU. no se qued
": . Exigimos el derecho al abrazo de hijos , madres , padres , hermanos . Exigimos"
": Verguenza. disque contra corrupcion, con Presidentes ilegitimos Temer, Brasil, golpista"
": ., presidente de : Apoyamos todas las iniciativas del Grupo de Lima que busquen el retorno de la"
": Mexico se suma a las eresiones de solidaridad al pueblo de Ecuador, a su Presidente Moreno, a los familiares de los"
": . Mike Pence: Como lo dijera Simon Bolivar Aquel que ama la libertad, al final sera libre."
: Los paises que apoyan a Maduro representan el % de la poblacion de America. Los paises que denuncian a Ma
: Contundente discurso del Canciller cubano en debio estar presente; libertad para
: culmino exitosamente en
": Verguenza. disque contra corrupcion, con Presidentes ilegitimos Temer, Brasil, golpista"
: ante la dictadura de Maduro en A favor de Maduro
: Los paises que apoyan a Maduro representan el % de la poblacion de America. Los paises que denuncian a Ma
: Ahora en Presidente de : Cumbre de representa el final de las Cumbres d
: . Pence: Estados Unidos cree que es el momento de hacer mas. Toda nacion libre reunida aqui debe tomar medidas mas ene
": Conmemoraremos firmes, seguros y optimistas la victoria en Playa Giron, asi lo dijo el canciller cubano"
": Aqui confrontando a los voceros de la propaganda castrista, que estuvieron hoy en la conferencia de prensa del senador"
": Cuba no aceptara amenazas ni chantajes del gobierno de los EEUU, no desea la confrontacion, pero no cedera un milimetro"
